Nom de l'Université/École,Nom du Programme/Diplôme,Domaine(s) IT Couvert(s),Compétences Acquises/Enseignées,Niveau d'Études Prérequis,Région/Ville,Durée de la Formation,URL du Programme
Kénitra,,,,,,,
EST Kénitra (Université Ibn Tofaïl),DUT - Ingénierie Informatique et Sciences de Données (IISD),"Génie Logiciel & Développement, Data Science & IA","Programmation, Gestion de bases de données, Développement web, Gestion de projet, Communication",Bac,Kénitra,2 ans,[1]
EST Kénitra (Université Ibn Tofaïl),DUT - Infrastructure Digitale Réseau et Sécurité (IDRS),"Cybersécurité, Réseaux & Administration Systèmes, DevOps & Cloud, Data Science & IA","Réseaux locaux et étendus, Maintenance des réseaux, Cybersécurité, Développement web et Android, Virtualisation, Cloud, IoT, Machine Learning, IA, OS Linux et Windows, Python, Téléphonie mobile (3G, 4G, 5G), Fibre optique, MPLS, Firewalls, IDS/IPS, Ipsec, Cryptographie, Supervision, Tests d'intrusion, Automatisation des tâches (BASH, Powershell), Services réseaux avancés, Services d'annuaire (AD, LDAP), Applications communicantes, Routage avancé (OSPF, EIGRP, BGP), IPv6, Réseaux de campus sécurisé, VPN (Ipsec, MPLS), Commutation avancée, Private Vlan, Résilience des réseaux LAN (STP, HSRP), VoIP, Sécurisation LAN & WAN, WiFi, Supervision des réseaux, Réponse aux incidents, Audit de sécurité",Bac,Kénitra,2 ans,[2]
EST Kénitra (Université Ibn Tofaïl),LUS – Ingénierie Informatique en Infrastructure Digitale et Développement Full Stack,"Génie Logiciel & Développement, Réseaux & Administration Systèmes, DevOps & Cloud","Développement d'applications web et mobile, Bases de données avancées, JavaScript, NodeJS, POO en Java, Modélisation avec UML et IFML, Méthodologie Web 2.0, Systèmes de gestion de contenu (CMS), Développement mobile natif et hybride, Développement Web Full stack, Administration du système Linux, Virtualisation, Développement JavaEE, Excel avancé","Bac+2 (DEUG, DUT, BTS, DTS ou équivalent)",Kénitra,Non spécifié,[3]
EST Kénitra (Université Ibn Tofaïl),LUS – Ingénierie Web Full Stack,"Génie Logiciel & Développement, DevOps & Cloud","Développement Web en PHP et Modèle MVC, Systèmes de Gestion de Contenu (CMS), Algorithmique et Programmation en Python, Bases de Programmation et de Développement Web, Programmation en JavaScript, Bases de Données, Langage de Modélisation Unifié (UML), Frameworks Back end, Sécurité des Applications Web, Outils de Conteneurisation et de Déploiement (DEVOPS)",Bac+2 scientifique (public ou privé accrédité),Kénitra,Non spécifié,[4]
EST Kénitra (Université Ibn Tofaïl),LUS – Ingénierie des Données et Intelligence Artificielle,"Data Science & IA, Génie Logiciel & Développement, Réseaux & Administration Systèmes","Java avancée et J2EE, Data Mining, Business Intelligence, Réseaux et Sécurité Informatique, Python pour la science des données, Bases de Données Avancées, Apprentissage automatique (Machine Learning), Apprentissage Profond, Programmation Web, Analyses des données",Bac+2 scientifique (public ou privé accrédité),Kénitra,Non spécifié,[5]
EST Kénitra (Université Ibn Tofaïl),LUS – Informatique de gestion et management de l’entreprise,"Gestion de projet, Data Science & IA, Cybersécurité, Réseaux & Administration Systèmes","Conception des systèmes d'information, Bases de données, Programmation informatique, Systèmes d'information liés au pilotage des entreprises, Sécurité des systèmes informatiques, Introduction à l'Intelligence artificielle et au Big Data, Recherche opérationnelle, Gestion de production, Entrepreneuriat et création d'entreprise, Management stratégique, Logistique et Qualité, Audit des entreprises, ERP/PGI, Gestion de projets agiles","Bac+2 (Technicien spécialisé, DEUG, DUT, BTS) ou Bac+1 avec 2 ans d'expérience professionnelle",Kénitra,Non spécifié,[6]
EST Kénitra (Université Ibn Tofaïl),MUS – Ingénierie Informatique et Intelligence Artificielle pour le BIG DATA,"Data Science & IA, Génie Logiciel & Développement, DevOps & Cloud, Cybersécurité, Réseaux & Administration Systèmes","Ingénierie des architectures logicielles et des modèles, Recherche d'information, Fouille de données, Virtualisation, Cloud Computing, Intelligence Artificielle, Big Data, Programmation Python, Conception Avancée et Design Patterns, Développement d'Application d'Entreprise, Architectures Parallèle et Distribuée, Apprentissage Automatique, Anglais Professionnel, Gestion et Administration des Bases de Données, Architectures Orientée Services, Ingénierie Dirigée par les Modèles, Sécurité et Technologies Block Chain, Internet des Objets et Services Mobiles, Gestion de projet","Bac+3 en Informatique (SMI, Maîtrise, Licence d'Université ou équivalent)",Kénitra,Non spécifié,[7]
ENSC Kénitra (Université Ibn Tofaïl),Cycle Ingénieur (Chimie),"Non spécifié (principalement Chimie, mais rattaché à UIT)",Non spécifié,Bac (via classes préparatoires scientifiques ou cycle préparatoire intégré),Kénitra,5 ans,[8]
CMC Rabat-Salé-Kénitra,Développement Digital: WEB FULL STACK,Génie Logiciel & Développement,Développement d'applications informatiques ou de sites web (Front-end et Back-end),"Baccalauréat technicien ou scientifique (limite d'âge 30 ans, 33 pour passerelles)",Kénitra,Non spécifié,[9]
CMC Rabat-Salé-Kénitra,Développement Digital: APPLICATIONS MOBILES,Génie Logiciel & Développement,Création d'applications mobiles,"Baccalauréat technicien ou scientifique (limite d'âge 30 ans, 33 pour passerelles)",Kénitra,Non spécifié,[9]
CMC Rabat-Salé-Kénitra,Digital Design: UI DESIGNER,Non spécifié (Design Digital),"Conception générale de l'interface, Clarté de navigation, Optimisation des parcours utilisateurs, Qualité du contenu","Baccalauréat technicien ou scientifique (limite d'âge 30 ans, 33 pour passerelles)",Kénitra,Non spécifié,[9]
CMC Rabat-Salé-Kénitra,Digital Design: UX DESIGNER,Non spécifié (Design Digital),"Intégration du storytelling dans l'expérience utilisateur, Prise en compte des attentes et besoins utilisateurs, Rendre le site facile à trouver et accessible","Baccalauréat technicien ou scientifique (limite d'âge 30 ans, 33 pour passerelles)",Kénitra,Non spécifié,[9]
CMC Rabat-Salé-Kénitra,Infrastructure Digitale: CYBERSÉCURITÉ,Cybersécurité,"Sécurité des données d'entreprise, Prévention des intrusions, Application des plans d'action de protection du système","Baccalauréat technicien ou scientifique (limite d'âge 30 ans, 33 pour passerelles)",Kénitra,Non spécifié,[9]
CMC Rabat-Salé-Kénitra,Infrastructure Digitale: CLOUD COMPUTING,DevOps & Cloud,"Stockage et gestion des données hors entreprise, Sécurisation de l'accès depuis les postes de travail et appareils mobiles","Baccalauréat technicien ou scientifique (limite d'âge 30 ans, 33 pour passerelles)",Kénitra,Non spécifié,[9]
CMC Rabat-Salé-Kénitra,Infrastructure Digitale: SYSTÈMES ET RÉSEAUX,Réseaux & Administration Systèmes,"Installation, configuration, disponibilité et paramétrage des infrastructures digitales, Sécurité des réseaux, Maintenance en cas de dysfonctionnement","Baccalauréat technicien ou scientifique (limite d'âge 30 ans, 33 pour passerelles)",Kénitra,Non spécifié,[9]
CMC Rabat-Salé-Kénitra,Cycle de Découverte du Numérique,Non spécifié (Numérique),"Maîtrise des outils de communication et de collaboration, Création de contenu digital, Utilisation professionnelle des réseaux sociaux, Sécurité des données, Protection de la vie privée, Développement de la citoyenneté électronique",Non spécifié,Kénitra,3 à 9 mois,[9]
CMC Rabat-Salé-Kénitra,Développeur d’Applications Python,Génie Logiciel & Développement,"Développement de programmes, Gestion de bases de données, Création de scripts, Calculs mathématiques (avec Python)",Non spécifié,Kénitra,3 à 9 mois,[9]
CMC Rabat-Salé-Kénitra,Testeur de Solutions Digitales,Génie Logiciel & Développement,"Identification et rapport de défauts et bugs logiciels, Exécution manuelle ou automatique de composants logiciels pour identifier les erreurs",Non spécifié,Kénitra,3 à 9 mois,[9]
CMC Rabat-Salé-Kénitra,Community Manager,Non spécifié (Marketing Digital),"Alimentation de sites web, réseaux sociaux et blogs avec du contenu éditorial, Animation des échanges entre internautes (communautés)",Non spécifié,Kénitra,3 à 9 mois,[9]
CMC Rabat-Salé-Kénitra,Web Marketer,Non spécifié (Marketing Digital),"Conception et promotion de sites web, Optimisation du trafic, Optimisation de la promotion et vente de produits sur Internet",Non spécifié,Kénitra,3 à 9 mois,[9]
CMC Rabat-Salé-Kénitra,Installateur Fibre Optique,Réseaux & Administration Systèmes,"Déploiement de la fibre optique (installation, pose, connexion, fusion, test)",Non spécifié,Kénitra,3 à 9 mois,[9]
IPIAB Kénitra,Master,"Non spécifié (Informatique, Gestion, Paramédical)",Non spécifié (contenu riche et appliqué),Non spécifié,Kénitra,Non spécifié,[10]
IPIAB Kénitra,Licence,"Non spécifié (Informatique, Gestion, Paramédical)",Non spécifié (formation complète et pratique),Non spécifié,Kénitra,Non spécifié,[10]
IPIAB Kénitra,Technicien Spécialisé,"Non spécifié (Informatique, Gestion, Paramédical)",Compétences techniques solides et recherchées,Non spécifié,Kénitra,Non spécifié,[10]
IPIAB Kénitra,Technicien,"Non spécifié (Informatique, Gestion, Paramédical)",Compétences techniques avancées,Non spécifié,Kénitra,Non spécifié,[10]
IPIAB Kénitra,Qualifications,"Non spécifié (Informatique, Gestion, Paramédical)",Compétences spécifiques dans un domaine,Non spécifié,Kénitra,Non spécifié,[10]
IPIAB Kénitra,Formation Continue,"Non spécifié (Informatique, Gestion, Paramédical)","Renforcement ou renouvellement de compétences (pratique, ciblée)",Non spécifié,Kénitra,Non spécifié,[10]
IPIAB Kénitra,"Langues (Allemand, Espagnol, Français, Anglais)",Non spécifié (Langues),Maîtrise de la communication orale et écrite,Non spécifié,Kénitra,Non spécifié,[10]
Rabat,,,,,,,
Université Internationale de Rabat (UIR),Ingénierie Informatique,"Génie Logiciel & Développement, Cybersécurité, Data Science & IA","Pratique professionnelle, Interdisciplinarité, Travail d'équipe, Responsabilité sociale, Développement web, Sécurité informatique, Data scientist",Bac,Rabat,5 ans,[11]
Université Internationale de Rabat (UIR),Licence Professionnelle en Génie Informatique (Rabat Business School),"Génie Logiciel & Développement, Réseaux & Administration Systèmes, Data Science & IA, Cybersécurité, Gestion de projet, DevOps & Cloud","Transition numérique, Systèmes d'information, Développement web, Réseaux, Big Data & Data Analytics, Gestion de projet, Cybersécurité, DevOps, Automation, CCNA/CCNP, ML, SQL server",Bac+2,Rabat,12 mois,[12]
Université Internationale de Rabat (UIR),Spécialisation: Sécurité informatique (dans le programme Ingénierie Informatique),Cybersécurité,"Cryptographie appliquée, Sécurité et administration des systèmes d'exploitation, Programmation sécurisée, Sécurité des réseaux, Sécurité des systèmes embarqués, Informatique légale, Piratage et défense éthiques, Gestion de la sécurité, Sécurité des bases de données et des big data, Sécurité des technologies émergentes (Cloud Computing, SDN, Smart Grid, IoT)",Bac+3,Rabat,Non spécifié,[13]
Université Internationale de Rabat (UIR),Spécialisation: Big Data (dans le programme Ingénierie Informatique),"Data Science & IA, DevOps & Cloud","Apprentissage automatique (Machine Learning), Bases de données NoSQL, Visualisation et gestion des données spatiales, Informatique en nuage et virtualisation (Cloud Computing, Microsoft Azure), Intelligence économique avancée (BI, Data Warehouses, Data Mining), Exploration de données, Apprentissage en profondeur (Deep Learning, TensorFlow), Internet des objets (IoT), Économie des données, Entrepreneuriat dans le domaine du big data, Spark",Bac+3,Rabat,Non spécifié,[13]
ENSIAS Rabat,Ingénierie de l'Intelligence Artificielle (2IA),Data Science & IA,"Algorithmes, Modèles, Systèmes et applications intégrant l'IA, Machine Learning, Deep Learning, Modèles bio-inspirés, Systèmes multi-agents, Programmation mathématique, Transformation de problèmes réels en défis de modélisation automatisée/bio-inspirée, Sélection de modèles et techniques d'optimisation","Non spécifié (via classes préparatoires, DEUG SM/SMI, Licence SMA/SMI/Sciences & Techniques)",Rabat,3 ans,[14]
ENSIAS Rabat,Smart Supply Chain & Logistics (2SCL),"Gestion de projet, Data Science & IA, DevOps & Cloud","Outils de résolution de problèmes et d'analyse de données, Concepts et stratégies de gestion de la chaîne d'approvisionnement (approvisionnement, fabrication, production, distribution, ERP), Gestion des risques, innovation et dynamique de la chaîne d'approvisionnement, Compétences informatiques et technologiques de l'information, Compétences analytiques, Modélisation de systèmes logistiques, Simulation de modèles, Optimisation des opérations, Objets connectés, IA appliquée à la chaîne d'approvisionnement","Non spécifié (via classes préparatoires, DEUG SM/SMI, Licence SMA/SMI/Sciences & Techniques)",Rabat,3 ans,[15]
ENSIAS Rabat,Business Intelligence & Analytics (BI&amp;A),"Data Science & IA, Gestion de projet","Bases de données (multidimensionnelles, NoSQL), Technologies Big Data, Création et conduite de projets décisionnels, Outils d'extraction, d'analyse et de visualisation de données, Gestion des données, Recherche d'information et gestion des connaissances, Modélisation des processus métier, Méthodologies et outils de support à la décision, Contrôle de gestion et gestion de la performance, Gestion de projets (coûts, délais, qualité, PMO)","Non spécifié (via classes préparatoires, DEUG SM/SMI, Licence SMA/SMI/Sciences & Techniques)",Rabat,3 ans,[16]
ENSIAS Rabat,"Cybersecurity, Cloud and Mobile Computing (CSCC)","Cybersécurité, DevOps & Cloud, Réseaux & Administration Systèmes","Cybersécurité, Cloud Computing, Informatique Mobile, Sécurité des systèmes d'information, Cryptographie, Sécurité des systèmes d'exploitation, Programmation sécurisée, Sécurité des réseaux, Sécurité des bases de données et du Big Data, Sécurité des technologies émergentes (Cloud, SDN, IoT), Piratage et défense éthiques, Informatique légale, Administration Linux, Administration Windows, Virtualisation, DevOps, Jenkins, Docker, Kubernetes, CI/CD, Normes ISO (2700x), Pentesting","Non spécifié (via classes préparatoires, DEUG SM/SMI, Licence SMA/SMI/Sciences & Techniques)",Rabat,3 ans,"[17, 18, 19, 20, 21]"
ENSIAS Rabat,Data and Software Sciences (D2S),"Data Science & IA, Génie Logiciel & Développement, DevOps & Cloud","Informatique de base (Programmation, Systèmes d'information, Bases de données, Réseaux), Intelligence artificielle (modèles, mise en production), Collecte, préparation, stockage et traitement de données massives (structurées, non structurées, semi-structurées), Traitement de données (Texte, Image, Vidéo, Signal, Voix), Génie logiciel empirique, Conception et réalisation d'applications Web et Mobile (Android, J2E, IOS), DevOps, MLOps, Gestion de projets logiciels agiles, Machine Learning, Deep Learning, Data Engineering, Data Analytics, Data Semantics & Interoperability, Qualité logicielle","Non spécifié (via classes préparatoires, DEUG SM/SMI, Licence SMA/SMI/Sciences & Techniques)",Rabat,3 ans,[22]
ENSIAS Rabat,Data Engineering (GD),"Data Science & IA, DevOps & Cloud","Bases de données (réparties, non structurées), Statistiques, Apprentissage automatique, Apprentissage profond, Architecture axée sur la donnée, Qualité de données, Analyse de données, Big Data, Méthodologie de développement, Gestion de projet, Cloud, Ingénierie des données, Optimisation de code (pour Data Scientists), Générative IA, MLOps, Extraction d'informations web, DevOps, Full Stack","Non spécifié (via classes préparatoires, DEUG SM/SMI, Licence SMA/SMI/Sciences & Techniques)",Rabat,3 ans,[17]
ENSIAS Rabat,Software Engineering (GL),"Génie Logiciel & Développement, DevOps & Cloud, Data Science & IA","Développement logiciel, Architecture logicielle, Gestion de projet, Programmation, Conception logicielle, Algorithmes, Technologies émergentes (IA, Cloud Computing), Développement web et mobile, UX design, Machine Learning, DevOps","Non spécifié (via classes préparatoires, DEUG SM/SMI, Licence SMA/SMI/Sciences & Techniques)",Rabat,3 ans,[23]
ENSIAS Rabat,Digital Engineering for Finance (IDF),"Data Science & IA, Gestion de projet","Mathématiques appliquées, Finance, Fintech, Outils numériques, Techniques de finance quantitative avancées, Techniques financières (Curriculum CFA Institut), Modélisation et formalisation des problèmes financiers, Développement de solutions pour problèmes financiers, Conception, développement et mise en œuvre de systèmes financiers basés sur l'IA et le Machine Learning, Modélisation des risques financiers, Conception et gestion de systèmes pour banques et institutions financières, Méthodes numériques pour le calcul des prix et couverture des produits dérivés, Compréhension et spécification des besoins utilisateurs, Bases de données, Réseaux et systèmes, Programmation orientée objet, Processus stochastiques appliqués à la finance, Statistiques pour ingénieur, Systèmes multi-agents, Finance de marché et internationale, Management de projet informatique, Optimisation appliquée, Systèmes distribués et parallèles, Finance islamique, Gestion bancaire","Non spécifié (via classes préparatoires, DEUG SM/SMI, Licence SMA/SMI/Sciences & Techniques)",Rabat,3 ans,[24]
ENSIAS Rabat,Smart System Engineering (SSE),"Data Science & IA, DevOps & Cloud, Réseaux & Administration Systèmes","IoT, Industrie 4.0, IA, Robots, Traitement, évaluation et génération de solutions intelligentes (industrie, villes intelligentes, bâtiments intelligents, agriculture intelligente), Robotique collaborative, Systèmes autonomes (automobile, avionique, dispositifs médicaux), Big Data industriel, Programmation, Réseaux de communication, Mathématiques appliquées, Management, Langues, Gestion de projet, Design Thinking, UX, Lean StartUp, Certifications (CISCO, IBM, NI)","Non spécifié (via classes préparatoires, DEUG SM/SMI, Licence SMA/SMI/Sciences & Techniques)",Rabat,3 ans,[25]
INPT Rabat,Ingénierie Informatique,"Génie Logiciel & Développement, Réseaux & Administration Systèmes, Data Science & IA, Cybersécurité","Concepts et technologies de l'informatique, Télécommunications, Multimédia, Mobilité, Ingénierie de contenu, Systèmes communicants et critiques, Business Intelligence, Architecture des systèmes d'information, Réseaux Sécurité et Services (RSS), Ingénierie des Systèmes Web, Mobiles et Décisionnels (WMD), Routage Avancé et IPv6, Management de la sécurité, Ingénierie Réseaux et Services, Management des Systèmes d'Information, Ingénierie des Protocoles et Services, Systèmes intelligents, temps réel & embarqués, Mobile Computing & Sécurité, Architectures avancées des Systèmes Logiciels, Techniques d'aide à la décision, Java Avancé et Client serveur, Parallélisme et Algorithme répartie, Cryptographie","Bac+2 (DEUG, DEUST, DEUP en SM, SMI, SMA, SMP, MIP) ou Licence (Mathématique, Physique, Informatique ou connexes)",Rabat,3 ans,[26]
ISGA Rabat,Ingénierie des Réseaux Systèmes et Sécurité,"Cybersécurité, Réseaux & Administration Systèmes, DevOps & Cloud","Conception d'architectures interconnectées complexes, Maîtrise des systèmes d'information, Cloud et infrastructures sécurisées, Enjeux techniques, organisationnels et juridiques de la sécurité des SI et e-services, Déploiement d'architectures réseau et sécurité, Fondations en réseaux de communication et systèmes d'exploitation, Cryptographie, Conception et implémentation d'infrastructures de communication sécurisées, Administration, fiabilité et sécurité des réseaux de nouvelle génération, Audit en risque informatique, Gestion de projet (PMP, PRINCE2)",Bac (via cycle préparatoire) ou Bac+2/3 (admission parallèle),Rabat,Non spécifié,[27]
ISGA Rabat,Ingénierie du Développement Web et Mobile,Génie Logiciel & Développement,"Spécification, conception, réalisation des architectures logicielles et technologies du Web et Mobile, Développement d'applications web et mobile",Bac (via cycle préparatoire) ou Bac+2/3 (admission parallèle),Rabat,Non spécifié,[27]
ISGA Rabat,Intelligence Artificielle et Big Data,"Data Science & IA, DevOps & Cloud","Fondamentaux de l'IA, Science des données, Traitement de données massives, Conception et intégration de nouveaux modèles de stockage (Big Data), Aspects éthiques et business de l'IA, Administration de base de données, Business Intelligence, Cloud, Développement Big Data",Bac (via cycle préparatoire) ou Bac+2/3 (admission parallèle),Rabat,Non spécifié,[27]
ISGA Rabat,Systèmes de Production Intelligents et Contrôle Qualité,Non spécifié (Industriel),"Techniques de contrôle et de commande pour systèmes industriels, Adaptabilité à l'évolution technologique, Compétences transversales (conception à contrôle qualité), Qualités humaines et managériales (gestion d'équipe et de projet)",Bac (via cycle préparatoire) ou Bac+2/3 (admission parallèle),Rabat,Non spécifié,[27]
Supinfo Rabat,Bachelors of Science (Bac+3),"Génie Logiciel & Développement, Data Science & IA, Cybersécurité, Réseaux & Administration Systèmes, DevOps & Cloud","Développement d'applications web et mobile, IA, Cybersécurité, Administration Cloud, Systèmes et Réseaux, Ingénierie Data, Architecture, Gestion de projet agile (Scrum), Microsoft Office 365, Sécurité des données personnelles, Droit de l'IT",Bac ou Bac+2 (hors informatique),Rabat,3 ans,[28]
Supinfo Rabat,Masters of Engineering (Bac+5),"Génie Logiciel & Développement, Data Science & IA, Cybersécurité, Réseaux & Administration Systèmes, DevOps & Cloud","Architecture Cloud, Systèmes et Réseaux, Ingénierie Data, Ingénierie en Intelligence Artificielle, Ingénierie en Développement Cloud et Mobile, Expertise en Cybersécurité, Data Governance, Ingénierie Cloud Computing, Développement IA, Architecture Solutions, Ingénierie Microsoft 365, Développement Mobile, Architecture Base de Données, Responsable Business Intelligence, Plan de reprise d'activité (Disaster Recovery Planning)",Bac+3,Rabat,5 ans,[28]
Ecole Supérieure VINCI (Rabat),Ingénierie Informatique et Réseaux de Télécommunications,"Génie Logiciel & Développement, Réseaux & Administration Systèmes, Cybersécurité, Data Science & IA, DevOps & Cloud","Algorithmique et Programmation (I, II), Linux Administration et maintenance système, HTML, CSS & Javascript, Théorie des Réseaux, Modélisation Objet, Développement Backend (PHP, Java, XML, XSL & JSON, C# & ADO.Net, AngularJs et Node.JS), Technologies Base de données (SQL, NoSQL), Systèmes d'Exploitation, Probabilités et Statistiques, Développement de Systèmes de Gestion de Contenu, Développement Frontend, Méthodologie de Test et Qualité logiciel, Administration réseau sous Linux, Développement d'applications mobiles, Outils d'analyse de données, Sécurité des applications Web, Urbanisation des Systèmes d'Information, Big Data & BI, Virtualisation des Systèmes d'Information, Développement dans le Cloud (Azure, Google, AWS)",Bac,Rabat,5 ans,[29]
E2I Rabat,Ingénierie Informatique et logicielle,"Génie Logiciel & Développement, Réseaux & Administration Systèmes, Cybersécurité, Data Science & IA, DevOps & Cloud","Fondamentaux en génie informatique, développement logiciel et ingénierie des réseaux, Cybersécurité, Intelligence artificielle, Analyse de données, Cloud computing, Virtualisation, Gestion de projets d'envergure, Pilotage de la transformation numérique, Langages de programmation (Python, Java, C#), Conception et architecture des systèmes d'information, Développement full-stack (web et mobile), Administration et optimisation des bases de données (SQL, NoSQL), Gestion de projet agile (Scrum, Kanban, Lean), Sécurisation des infrastructures numériques (firewalls, SIEM, ISO 27001, RGPD), Évaluation des risques, PCA/PRA, DevSecOps, Plateformes et outils Big Data (Hadoop, Spark), ETL, Nettoyage et prétraitement des données, Création de modèles de machine learning et deep learning (TensorFlow, PyTorch), MLOps, Applications prédictives, Intégration d'IA dans processus métier, Outils de visualisation avancée (tableaux de bord, reporting)","Bac scientifique ou Technique (1ère année), DEUG, DUT ou équivalent (2ème année), Licence scientifique ou technique (3ème année)",Rabat,4 ans,[30]
ESI Rabat,Ingénierie des Connaissances et Science des Données,"Data Science & IA, Gestion de projet","Mathématiques/statistiques, Informatique, Intelligence artificielle, Numérique et gouvernance de l'information, Open Data / Open Gouvernement, Big Data, Data-Mining & Text-Mining, Business Intelligence, Économie du savoir et de la connaissance, Actif et Capital immatériels, Gestion de projet","Bac (via CNC), DEUG SMI, ou Diplôme ""Informatiste"" (Bac+4)",Rabat,3 ans,[31]
ESI Rabat,Ingénierie des Systèmes d'Information et de la Transformation Digitale,"Génie Logiciel & Développement, Gestion de projet","Société numérique, Société de l'information, Informatique décisionnelle, Gouvernance des S.I., Système ubiquitaire, Transformation digitale, Economie du savoir et de la connaissance, Analyse et Conception des Bases de Données, Probabilités et statistiques, Algorithmique et Programmation Avancée, E-services et gestion de contenu d'entreprise, Conception et Programmation Orienté Objet, Bases de Données avancées et administration des BD, Fondements des systèmes intelligents, Administration des systèmes, Fondements pour les sciences de données, Mathématique pour les sciences de données, Développement avancé, Développement logiciel JEE, Génie logiciel, Développement web et mobile, Ingénierie des connaissances, Confiance numérique, Technologies de données massives, Business Intelligence, Systèmes embarqués, Technologies innovantes, Urbanisation et intégration des Systèmes d'Information, Qualité et Audit des Systèmes d'Information","Bac (via CNC), DEUG SMI, ou Diplôme ""Informatiste"" (Bac+4)",Rabat,3 ans,[32]
ESI Rabat,Ingénierie de l'Information Numérique,"Data Science & IA, Gestion de projet","Transformation digitale, Data Governance, Business intelligence, Intelligence artificielle, Management de l'information, Analyse et Conception des Bases de Données, Probabilités et statistiques, Algorithmique et Programmation Avancée, E-services et gestion de contenu d'entreprise, Conception et Programmation Orienté Objet, Bases de Données avancés et administration des BD, Fondements des systèmes intelligents, Administration des systèmes, Technologies de recherche d'information, Mathématique pour les sciences de données, Ontologies et web sémantique, Ingénierie documentaire, Traitement et indexation automatiques des documents, Conception et gestion des contenus multimédia, Ingénierie des connaissances, Confiance numérique, Gouvernance et management des Systèmes d'Information, Technologies de données massives, Intelligence compétitive, Analyse et extraction de connaissances, Data and information governance, Qualité et Audit des Systèmes d'Information","Bac (via CNC), DEUG SMI, ou Diplôme ""Informatiste"" (Bac+4)",Rabat,3 ans,[33]
ESI Rabat,Ingénierie de la Sécurité des Systèmes d’Information et Cyberdéfense,"Cybersécurité, Gestion de projet, Data Science & IA, DevOps & Cloud","Cybersécurité, Gestion de projets IT, Sécurité des systèmes informatiques, Administration et sécurisation de base de données, Data visualisation, Gestion et optimisation de système et réseaux, Mise en œuvre, sensibilisation et respect de la sécurité, Virtualisation et stratégie d'achat vente, Business plan, Administration MongoDB et big data, Programmation objet et événementielle JAVA-C#, Java Spring (API, microservice), Bibliothèque front et hybride mobile, DevOps, Initiation IA, Datawarehouse, Datamining, Interconnexion réseaux cisco CCNA, Configuration et consolidation d'une infrastructure Microsoft, Configuration et administration d'une infrastructure Linux, Mise en œuvre de plateforme collaborative, Cloud, Sécurité des systèmes réseaux et cybersécurité, Sécurité avancée dans la conception et le déploiement des solutions IoT (avec IA), Audit de sécurité (pentesting), Gestion de la sécurité, Continuité d'activité","Bac+3 ou Bac+4, ou expérience en développement/administration réseaux",Rabat,1 an (formation continue) ou 2 ans (alternance),[34]
Yncréa Maroc (ISEN Lille),Ingénieur d'état français ISEN Lille (Informatique - Télécommunications),"Génie Logiciel & Développement, Réseaux & Administration Systèmes, Data Science & IA, DevOps & Cloud","Fondations scientifiques, Développement web (HTML, JavaScript, PHP, NodeJS), Bases de données (SQL, Merise), Algorithmes (Python), Développement d'applications (ASP.NET MVC, Java, Windows Universal, Android), Administration des systèmes (Computer Architecture, Microsoft Office 365, Microsoft On Premises), Cybersécurité (Privilege Access Management), Gestion de projet agile (Scrum), Finance et Comptabilité, Droit de l'IT (Internet, Propriété intellectuelle, Droit du travail, Protection des données personnelles, Contrats IT), Architecture Réseaux (CCNA Routing & Switching, CCNA Security), IA (Programmation fonctionnelle, logique), Java EE",Bac,Rabat,Non spécifié,[35]
ITAB ACADEMY,Master Marketing Digital & Data Analytics,"Data Science & IA, Non spécifié (Marketing Digital)","Ingénierie et analyse de données, SQL, Python, AI Engineer, Business Data Analyst, Data Engineer, Pandas & Numpy, Data Visualisation, Machine Learning, Spark, Exploratory Data Analysis (EDA), Key Performance Indicator (KPI) management",Non spécifié,Rabat,Non spécifié,[36]
ITAB ACADEMY,Master Cloud Computing & DevOps,DevOps & Cloud,"Microsoft Azure, PySpark on AWS, DevOps, AWS Solution Architect",Non spécifié,Rabat,Non spécifié,[37]
ITAB ACADEMY,"Certifications (Marketing Digital & Data Analytics, Tech Certifications, IT Support Training, PRINCE2)","Non spécifié (Marketing Digital), Non spécifié (IT Support), Gestion de projet",Non spécifié (préparation aux certifications),Non spécifié,Rabat,Non spécifié,[37]
CENTRE MONISAFT,Informatique et Systèmes d'Information,Non spécifié (Systèmes d'Information),"Actualisation des bases de données et informations électroniques, Amélioration de l'efficacité interne par l'informatisation, Bases des SI, Bureautique (Microsoft Office), Conception graphique (Photoshop), Développement WEB, Réseaux informatiques, Sécurité informatique, Système d'exploitation, Référencement WEB",Non spécifié,Rabat,8 mois,[38]
Casablanca,,,,,,,
ES2IM,Ingénierie Développeur Multimédia,"Génie Logiciel & Développement, Non spécifié (Multimédia)",Non spécifié (développement multimédia),Bac scientifique,Casablanca,3 ou 5 ans,[39]
ES2IM,Ingénierie Web Technologie,Génie Logiciel & Développement,Non spécifié (technologies web),Bac scientifique,Casablanca,3 ou 5 ans,[39]
ES2IM,Ingénierie Applications Mobile,Génie Logiciel & Développement,Non spécifié (applications mobiles),Bac scientifique,Casablanca,3 ou 5 ans,[39]
ES2IM,Mastère Informatique,Non spécifié (Informatique),Non spécifié,Bac+3,Casablanca,Non spécifié,[39]
ES2IM,Mastère Cybersécurité,Cybersécurité,Non spécifié,Bac+3,Casablanca,Non spécifié,[39]
ES2IM,Mastère Applications intelligentes et Big Data,Data Science & IA,Non spécifié,Bac+3,Casablanca,Non spécifié,[39]
SUPTECHNOLOGY Casablanca,BAC+3 MIAGE,"Génie Logiciel & Développement, Gestion de projet","Mathématiques, Algorithmique, Programmation (I, II, III-OO, IV-OO), Architecture Numérique (I, II), Techniques de Communication, Système d'Information (I), Système d'Exploitation (I, II), Introduction aux Bases de Données, Environnement Économique et Social (I, II), Projet Programmation, Architecture des Réseaux (I), Méthodes d'Analyse et de Conception, Réseaux (II), Langage riche (Python), Technologies Web (HTML5), Dév.Web (PHP), Administration Windows, Administration Linux, Entrepreneuriat, Génie Logiciel, Framework JEE, Langages Front End (Android, Angular)",Bac,Casablanca,Non spécifié,[40]
SUPTECHNOLOGY Casablanca,"BAC+3 Réseaux, Systèmes et Sécurité","Réseaux & Administration Systèmes, Cybersécurité","Mathématiques, Algorithmique, Programmation (I, II, III-OO), Architecture Numérique (I, II), Techniques de Communication, Système d'Information (I), Système d'Exploitation (I, II), Introduction aux Bases de Données, Environnement Économique et Social (I, II), Projet Programmation, Architecture des Réseaux (I, II), Méthodes d'Analyse et de Conception, Langage riche (Python), Technologies Web (HTML5), Dév.Web (PHP), Administration Windows, Administration Linux, Entrepreneuriat, Cellulaire / VOIP, Réseaux d'Entreprise & Interconnexion, Sécurité des SI",Bac,Casablanca,Non spécifié,[40]
SUPTECHNOLOGY Casablanca,Licence Développement Internet et Mobile,Génie Logiciel & Développement,"Client/Serveur, Technologies Web (HTML5), Dév.Web (PHP), Administration Windows, Administration Linux, Environnement Économique et Social, Génie Logiciel, Framework JEE, Langage riche (Python), Développement Mobile, Projet Java",Bac,Casablanca,Non spécifié,[40]
SUPTECHNOLOGY Casablanca,Licence Administration et Sécurité des Réseaux,"Réseaux & Administration Systèmes, Cybersécurité","Client/Serveur, Technologies Web (HTML5), Dév.Web (PHP), Administration Windows, Administration Linux, Environnement Économique et Social, Switching (CCNA3), Réseaux WAN (CCNA4), Sécurité des SI, Cellulaire / VOIP",Bac,Casablanca,Non spécifié,[40]
SUPTECHNOLOGY Casablanca,BAC+5 MIAGE,"Génie Logiciel & Développement, Gestion de projet, Data Science & IA, DevOps & Cloud","Modélisation UML avancée, Gestion de projet, DataMining, Bases de Données Avancées NoSQL, Admin. BD Oracle, Développement Réparti (JEE), Systèmes de Recherche et d’Extraction d’Information (SREI), Développement Mobile, Python Avancé, DataWareHouse, Développement web dynamique (PhP & Frameworks), Qualité logicielle et Testabilité, Ingénierie Avancée des Modèles, Méthodes Avancées de Développement de Projet Logiciel, Intégration d’Applications d’Entreprises, Tableaux de bord & DataVIZ, Cloud Computing & Virtualisation",Bac+3,Casablanca,Non spécifié,[40]
SUPTECHNOLOGY Casablanca,BAC+5 Big Data,"Data Science & IA, Génie Logiciel & Développement, DevOps & Cloud","Modélisation UML avancée, Gestion de projet, DataMining, Bases de Données Avancées NoSQL, Admin. BD Oracle, Développement Réparti (JEE), Systèmes de Recherche et d’Extraction d’Information (SREI), Développement Mobile, Python Avancé, DataWareHouse, Développement web dynamique (PhP & Frameworks), BIG DATA, Machine Learning, Analyse de Données Massives, NLP (Natural Language Processing), Tableaux de bord & DataVIZ, Cloud Computing & Virtualisation",Bac+3,Casablanca,Non spécifié,[40]
SUPTECHNOLOGY Casablanca,BAC+5 Monétique,"Non spécifié (Monétique), Cybersécurité, Gestion de projet, DevOps & Cloud","Core banking, Systèmes back et front office bancaires, Technologies et composants monétiques, Normes monétiques, Développements récents en e-banking et m-banking, Sécurité des transactions bancaires et monétiques, Déploiement et sécurité des applications IT de transaction et paiement sécurisées, Veille technologique sur la sécurité des échanges électroniques, Techniques et pratiques de la monétique, Outils électroniques dans les échanges commerciaux, Modélisation UML avancée, Gestion de projet, DataMining, Bases de Données Avancées NoSQL, Admin. BD Oracle, Développement Réparti (JEE), Systèmes de Recherche et d’Extraction d’Information (SREI), Développement Mobile, Python Avancé, DataWareHouse, Développement web dynamique (PhP & Frameworks), SI Monétique, Normes et Référentiels en Monétiques, Systèmes et Flux Interbancaires, Composants Monétiques, Tableaux de bord & DataVIZ, Cloud Computing & Virtualisation",Bac+3,Casablanca,Non spécifié,[40]
SUPTECHNOLOGY Casablanca,BAC+5 en Gouvernance des SI,"Gestion de projet, Cybersécurité, DevOps & Cloud","Approches et méthodologies de gestion des SI (gouvernance, audit, sécurité, help desk, PCA), Normes et frameworks (Cobit, ITIL, ISO 2700x, Mehari, Scrum), Modélisation UML avancée, Gestion de projet, DataMining, Bases de Données Avancées NoSQL, Admin. BD Oracle, Développement Réparti (JEE), Systèmes de Recherche et d’Extraction d’Information (SREI), Développement Mobile, Python Avancé, DataWareHouse, Développement web dynamique (PhP & Frameworks), Gouvernance des Systèmes d’Information, AUDIT SI, Business Process Modeling pour l’Urbanisation du SI, Gestion des Services (ITIL, PCA), Tableaux de bord & DataVIZ, Cloud Computing & Virtualisation",Bac+3,Casablanca,Non spécifié,[40]
SUPTECHNOLOGY Casablanca,BAC+5 Réseaux Nouvelle Génération,"Réseaux & Administration Systèmes, Cybersécurité, DevOps & Cloud","Routage avancé, Commutation, Système Linux et Programmation Python, Ingénierie Multimédia (QoS, VoIP, ToIP, SNMP), Administration Systèmes Avancée, Économie Innovante, Réseaux d'Opérateurs, Administration Réseaux, Réseaux Avancés (IPV6, NGN, 4G, 5G), Ingénierie de la Sécurité (Crypto & Sécurité Physique), Gestion de Projets Agiles, CCNP ENTREPRISE, Cloud Computing, Gouvernance et Audit de Sécurité, Virtualisation Systèmes et Réseaux, Automatisation de l'Infrastructure Réseau (SDN, NFV, SDDC), Technologies et Infrastructures Réseaux (Palo Alto, Avaya, Cisco, HP, Juniper)",Bac+3,Casablanca,Non spécifié,[40]
SUPTECHNOLOGY Casablanca,Master 2 Technologie de l'Internet Option Logiciel,"Génie Logiciel & Développement, DevOps & Cloud","Ingénierie des Modèles, Composants et Services Logiciels, Bases de Données Nosql, Urbanisation des SI, Culture d'Entreprise, Qualité Logicielle, GP & Méthodes de Développement Avancées, Intégration d'Applications d'Entreprises, Tableaux de Bord, Cloud",Bac+4,Casablanca,Non spécifié,[40]
SUPTECHNOLOGY Casablanca,Master 2 Technologie de l'Internet Option Réseaux,"Réseaux & Administration Systèmes, DevOps & Cloud","Fondement des Systèmes Multi-agents, Réseaux émergents sans fils et leurs applications, Culture d'entreprise, Tableaux de bord, Switching avancé, Troubleshooting, Virtualisation (I, II), Sécurité & Performativité",Bac+4,Casablanca,Non spécifié,[40]
SUPTECHNOLOGY Casablanca,BAC+5 en Cyber Sécurité,"Cybersécurité, DevOps & Cloud","CCNP SECURITY, Cloud Computing, SOC Security Operating Center, Gouvernance et Audit de Sécurité, Vulnérabilités et Tests de Pénétration (Pentesting), Cyber Sécurité CEH V11, Routage Avancé, Commutation, Système Linux et Programmation Python, Ingénierie Multimédia (QoS, VoIP, ToIP, SNMP), Administration Systèmes Avancée, Économie Innovante, Réseaux d'Opérateurs, Administration Réseaux, Réseaux Avancés (IPV6, NGN, 4G, 5G), Ingénierie de la Sécurité (Crypto & Sécurité Physique), Gestion de Projets Agiles",Bac+3,Casablanca,Non spécifié,[40]
MATCI Casablanca,Diplômes d'État canadiens (Québec) en Nouvelles Technologies de l'Information et des Communications,Non spécifié (NTIC),Non spécifié,Non spécifié,Casablanca,Non spécifié,[41]
ENITE Casablanca,"Ingénierie Informatique (Filières: Système d'Information, Réseau Informatique)","Génie Logiciel & Développement, Réseaux & Administration Systèmes, Cybersécurité","Algorithmique et Programmation, Systèmes d’exploitation, Architecture des Ordinateurs, Outils Informatique, Programmation Internet, Réseaux Informatique (certifs CCNA), Structure des Données, Bases de Données (Merise), Systèmes de transmission, Traitement de signal, Automatique, Architecture et Ingénierie des Réseaux, Probabilité et Statistique, Visual Basic, UML, JAVA, Administration des systèmes, Recherche opérationnelle, Gestion de ressources humaines, Théorie de Langage, Oracle, Sécurité Informatique, JEE,.NET, ADMINISTRATION UNIX, GESTION DE PROJET, Management",Non spécifié,Casablanca,Non spécifié,[42]
MSHSBCS Casablanca,Formation informatique,"Génie Logiciel & Développement, Réseaux & Administration Systèmes, Data Science & IA, Non spécifié (Bureautique, Jeux Vidéo)","Bureautique (Excel, Word, PowerPoint, Access, Outlook, SharePoint, OneNote, PowerShell, Office 365, OpenOffice, Windows, Mac, Microsoft Teams, LibreOffice), Création de sites web (PHP, ASP, HTML, JavaScript, WordPress, Joomla, PrestaShop, Magento, Struts, Laravel, Bootstrap, Hibernate, Spring, CakePHP, Angular, Référencement, AWS, Apache, Visual Studio, Symfony, Web Services, WebDev, Rédaction web), Développement informatique (JEE, JAVA, VB.net, Algorithme, C#, C C++, Zend, Python, ADO, XML, WinDev, API, COBOL, Arduino, Génie Logiciel, Odoo, Test logiciel, DevOps, Visual Basic, WebLogic, Création framework, Front end, Back End, Open Source, Microsoft), Bases de données (SQL, NoSQL, Oracle, MS SQL Server, DB2, JDeveloper, React, Ever Web, Manipulation des données, Code, Active X, Visio, Data Base, SIG, Clean Code, Google Forms, Scala, Go, No Code, Publisher), Système – Réseau informatique (Cisco, Linux, Sécurité informatique, Data science, BIG DATA, Check Point, Virtualisation, VMware, Unix, Windows Server, Microsoft Azure, AIX, Cobit, z/OS, Monitoring Supervision, IBM, Cloud, Exchange, Exchange server, Data center), Développement Mobile, Ingénierie – BI (Power BI, Business Intelligence, Open Source, Power System, G Suite, Business Objects, ITIL, Système d'information, Machine learning, Contrôle à distance, Intelligence artificielle, Data warehouse, Agile, Project), Jeux vidéo, Stratégie informatique (DSI, SLA, Urbanisation et Architecture du SI, Achats de prestations intellectuelles, Gestion de contrats), Architectures Cloud d'entreprise, Sécurité du Cloud Computing, Cloud Technology Associate (CTA), Professional Cloud Service Manager (PCSM), Solutions Architect (PCSA), Amazon Web Services (AWS), Cursus Administrateur Windows 10, Scripts d'administration Windows (PowerShell), SAP NetWeaver Application Server, SAP ERP Financials, Data Mining, Deep Learning, Analyse, Data Visualization et Data StoryTelling, Ingénierie de données avec Microsoft HDInsight, Ingénierie Big Data avec Microsoft Cloud Services, Hadoop",Non spécifié,Casablanca,Non spécifié,[43]
ECSGI Casablanca,Ingénierie informatique et industrielle,"Génie Logiciel & Développement, Réseaux & Administration Systèmes, Cybersécurité","Systèmes informatiques et logiciels (Ingénierie, Intégration, Interopérabilité des Systèmes d'information (3IS), Métiers de l'Internet et des Applications Multimédias (MIAM)), Réseaux et télécommunications (Services Mobiles et Interface Nomade (SMIN)), Sécurité Informatique",Bac scientifique ou technique (électronique ou mécanique),Casablanca,Non spécifié,[44]
HEISI Casablanca,Cycle ingénieur d'État: Ingénierie Informatique et Intelligence Artificielle,"Génie Logiciel & Développement, Data Science & IA, Cybersécurité, Réseaux & Administration Systèmes, DevOps & Cloud","Génie logiciel, Big Data, Cybersécurité, Mathématiques, Algorithmique et programmation, Électricité et composants électroniques, Programmation Python, Web development, Électronique analogique et combinatoire, Analyse et conception des bases de données, Systèmes d'exploitation (Linux, DOS), Électronique de puissance, Électrotechnique, Programmation web (html, css), Statistiques / probabilités, Automatismes (automates programmables, Grafset), Mécatronique, Développement web via Frameworks, Développement web et mobile Fullstack/Django Framework, ERP, Internet des objets, Virtualisation & cloud computing, POO en Java et Python, Programmation JEE, Programmation des bases de données, Administration des bases de données, Traitement des données avec Python, Analyse des données avec Python, Bases de données NoSQL & Big Data, Business Intelligence, Programmation Web (JavaScript), Programmation orientée objet en Java, Algorithmique et programmation avancée, Conception orientée objet & UML, Réseaux, Cybersécurité, Théorie des langages et compilation, Recherche opérationnelle, Probabilité & statistiques pour l'ingénieur, Analyse numérique, Interface homme machine, Certification IBM sur AI, Coursera Intelligence Artificielle, Gouvernance SI & DevOps, Outils Big Data, Blockchain, Deep learning, Machine learning, Méthodes agiles & systèmes spécifiques, Ingénierie des systèmes interactifs mobiles, Génie logiciel avancé","Bac+2/3 (pour Licence), Bac+4/5 (pour Master), Relevé de notes 1ère, 2ème, 3ème année (pour Cycle Ingénieur)",Casablanca,Non spécifié,[45]
Ecole d'Ingénierie Université Mundiapolis,Génie Informatique,"Génie Logiciel & Développement, Réseaux & Administration Systèmes, Cybersécurité, Data Science & IA, DevOps & Cloud","Analyse, conception et développement de systèmes informatiques innovants, Développement web et mobile, Gestion de bases de données, Cybersécurité, Intelligence artificielle, Objets connectés (IoT), Blockchain, Data Science, Algorithmes, Architectures logicielles évolutives, Gestion de projets informatiques, Programmation orientée objet, Systèmes d'exploitation, Sécurité logicielle et du réseau, Administration des réseaux et des systèmes, Systèmes distribués, Systèmes temps réel, Optimisation et aide à la décision, Design patterns et IHM, Analyse de données et statistiques inférentielle, Virtualisation et technologie Cloud, Business intelligence et data mining, Assurance qualité logiciel, Machine learning, Stockage de données et transmission de l'information, Gouvernance et management de la sécurité des systèmes d'information, Cybercriminalité et sécurité dans le cloud, Développement dans le cloud, DevOps",Bac,Casablanca,5 ans,[46]
ESTEM Casablanca,"Licence Professionnelle: Développement, Administration des Systèmes et Réseaux Informatique","Génie Logiciel & Développement, Réseaux & Administration Systèmes",Non spécifié,Non spécifié,Casablanca,Non spécifié,[47]
ESTEM Casablanca,"Licence Professionnelle: Administration des Systèmes, Réseaux et Cyber Sécurité","Réseaux & Administration Systèmes, Cybersécurité",Non spécifié,Non spécifié,Casablanca,Non spécifié,[47]
ESTEM Casablanca,Licence Professionnelle: Développement des Applications Web et Technologies Mobiles,Génie Logiciel & Développement,Non spécifié,Non spécifié,Casablanca,Non spécifié,[47]
ESTEM Casablanca,Master: Sécurité des Applications et Ingénierie Systèmes Numériques (MUS-SAISN),"Cybersécurité, Génie Logiciel & Développement",Non spécifié,Non spécifié,Casablanca,Non spécifié,[47]
IGA Casablanca,Licence Informatique (en partenariat avec l'Université de Haute-Alsace),"Génie Logiciel & Développement, Réseaux & Administration Systèmes, Data Science & IA","Programmation orientée objets (JAVA), Conception des systèmes d'informations, Introduction aux réseaux, Algorithmes sur les fichiers, Recherche opérationnelle, Algorithmes parallèles, Économie et gestion, Développement de sites web dynamiques, Algorithmiques et structures récursives, Graphes algo, Intelligence artificielle, Automates, Analyse et traitement d'images",DUT en informatique ou Bac+2 équivalent,Casablanca,Non spécifié,[48]
EMSI Casablanca,Ingénierie Informatique et Réseaux (Option MIAGE),"Génie Logiciel & Développement, Gestion de projet, Data Science & IA, Réseaux & Administration Systèmes, DevOps & Cloud","C++, PHP, Python, Framework-PHP, Java, JEE, C#, XML, WebSphere, Dot NET CORE, IONIC, Framework-Angular, SQL, PL/SQL, NoSQL, DBA Oracle, MS SQL SERVER, DB2, UML, Méthodes Agile, Qualité Logiciel, Ateliers de Génie Logiciel, Architecture et Conception, Data Warehouse, Outils de Business Intelligence, Data Mining, Systèmes (Unix, Administration UNIX, Administration Windows, Cloud Computing, Virtualisation), Réseaux (Informatique, TCP/IP, Locaux et Interconnexion, Sécurité), IoT, ERP, Analyse de Données, Programmation Linéaire, Analyse Numérique, Recherche Opérationnelle, Soft Skills, Communication, Management, Économie Industrielle, Gestion des Entreprises, Droit, Marketing, Comptabilité, Gestion de Projet, BIGDATA Ecosystem, DevOps, Intelligence Artificielle, MongoDB, Database Tuning",Non spécifié,Casablanca,Non spécifié,[30]
EMSI Casablanca,Ingénierie Informatique et Réseaux (Option Systèmes & Réseaux),"Réseaux & Administration Systèmes, Cybersécurité, Data Science & IA, DevOps & Cloud","C++, PHP, Python, Framework-PHP, Java, JEE, C#, XML, WebSphere, Dot NET CORE, IONIC, Framework-Angular, SQL, PL/SQL, NoSQL, DBA Oracle, MS SQL SERVER, DB2, UML, Méthodes Agile, Qualité Logiciel, Ateliers de Génie Logiciel, Architecture et Conception, Data Warehouse, Outils de Business Intelligence, Data Mining, Systèmes (Unix, Administration UNIX, Administration Windows, Cloud Computing, Virtualisation), Réseaux (Informatique, TCP/IP, Locaux et Interconnexion, Sécurité), IoT, ERP, Analyse de Données, Programmation Linéaire, Analyse Numérique, Recherche Opérationnelle, Soft Skills, Communication, Management, Économie Industrielle, Gestion des Entreprises, Droit, Marketing, Comptabilité, Gestion de Projet, Cybersécurité, Sécurité des Systèmes, Administration Unix Avancée, Réseau Mobile, Application sur Plateforme Embarquée, Réseau Multimédia",Non spécifié,Casablanca,Non spécifié,[30]
ENSEM Casablanca,"Ingénieur en ""Systèmes Numériques""","Réseaux & Administration Systèmes, Cybersécurité, Data Science & IA, DevOps & Cloud","Cybersécurité, Informatique, Réseaux, Systèmes Numériques, IoT, IA, Big Data, Outils d'aide à la décision, Réseaux informatique et cybersécurité, Système d'exploitation et POO avec Python, Système d'information et Bases de Données, Algorithmique et programmation en Python, Algorithmique avancée, Ingénierie de l'Objet et Technologie Java, Ingénierie de Développement Web, Cloud Computing et Virtualisation, Bases de données avancée, Analyse et fouille de données, Ingénierie de Réalité Augmentée, Ingénierie de Réalité Virtuelle, Business Intelligence et Deep Learning, Machine Learning et Text Mining, Développement mobile et IOT, Big Data et DevOps, Méthodes agiles et Qualité logicielle, Vision par Ordinateur et IA Générative","Bac+2 (BTS+ATS, BUT, Licence Maths/EEA/Sciences du numérique), Bac+4/5 (Master 1, Master 2)",Casablanca,3 ans,[49]
ORIENSYS Casablanca,"Formations et Certifications IT (Infrastructure & Réseau, Sécurité SI & Audit, Virtualisation d'application, Gestion des postes de travail)","Réseaux & Administration Systèmes, Cybersécurité, DevOps & Cloud, Gestion de projet","Cybersécurité, Microsoft Azure, Python, Gestion de projet (PRINCE2)",Non spécifié,Casablanca,Non spécifié,[50]
ITSUP Casablanca,Technicien en développement Web,Génie Logiciel & Développement,Non spécifié,Non spécifié,Casablanca,Non spécifié,[51]
ITSUP Casablanca,Technicien Spécialisé en Développement informatique,Génie Logiciel & Développement,Non spécifié,Non spécifié,Casablanca,Non spécifié,[51]
ITSUP Casablanca,Licence Professionnelle en Développement WEB Full Stack et DevOps,"Génie Logiciel & Développement, DevOps & Cloud","Conception et gestion des bases de données, Création de sites web, Méthodes DevOps et systèmes, Ingénierie logicielle, Méthodes et automatisation des tests, Management de projets agiles, Architecture et processus d'entreprise, Sécurité informatique, Gestion de bases de données, Audit réseau et système, Conception et maintenance des systèmes d'information (SI), Développement avec des technologies avancées, Personnalisation d'applications distribuées, Analyse et conception logicielle, Gestion de projets technologiques, Support utilisateur, Développement d'applications web complètes (frontend et backend), Frameworks et bibliothèques modernes (React, Angular, Node.js), Bases de données relationnelles et NoSQL, Outils de collaboration et d'intégration continue (Docker, Kubernetes, Git), Automatisation des processus de développement et de déploiement, Gestion des infrastructures Cloud, Création d'interfaces utilisateur interactives et responsives, Intégration des tests automatisés et de la surveillance des performances",Bac+2,Casablanca,1 an,[52]
ITSUP Casablanca,Licence Professionnelle en Cyber Security et Ingénierie IP,"Cybersécurité, Réseaux & Administration Systèmes, DevOps & Cloud","Cybersécurité et Cryptage, Normes ISO pour la Sécurité des Systèmes, Réseaux et Nouvelle Génération IPv6, Administration de Base Unix, Programmation Systèmes, Virtualisation et Cloud, Gestion de Projets de Sécurisation, Éthique du Hacking, Détection et prévention des intrusions, Gestion des identités et des accès, Sécurité des applications et des données, DevSecOps, Docker, Kubernetes, Jenkins, CI/CD",Bac+2,Casablanca,1 an,[53]
ITSUP Casablanca,"Licence Professionnelle en Ingénierie des Systèmes, Réseaux et Cloud Computing","Réseaux & Administration Systèmes, DevOps & Cloud","Administration des Systèmes, Conception des Bases de Données, Administration des Bases de Données, Architecture Réseaux, Sécurité des Réseaux et Cryptographie, Réseaux et nouvelle génération IPv6, Cloud Computing et Virtualisation, Programmation Python, Intégration et automatisation des services cloud, Sécurisation des environnements cloud, Gestion des infrastructures hybrides",Bac+2,Casablanca,1 an,[54]
ITSUP Casablanca,Licence Professionnelle en Développement JAVA/J2EE,Génie Logiciel & Développement,"Conception de bases de données et langage de programmation SQL/PLSQL, Gestion administrative des bases de données Oracle, Pratiques du génie logiciel, Mise en œuvre de systèmes et serveurs d'application, Gestion et environnement d'entreprise, Développement de solutions web et mobiles, Maîtrise des langages de programmation Java et J2EE, Conception et développement d'applications d'entreprise, Expertise dans la conception orientée objet, Gestion de bases de données et intégration avec des systèmes tiers, Programmation Web (HTML, CSS, JavaScript, PHP), UML et processus de développement (UML Avancé, Design patterns), Administration des bases de données, Conduite de Projet / Gestion des entreprises, Techniques de communication et développement personnel (Anglais TOEIC), Système d'exploitation Linux, Administration système d'exploitation, Programmation avancée Shell, Applications Web avancées (J2EE: JSPs, XML, JSTLs, JBoss, EJBs), Programmation Mobile Multi plateforme (IOS, ANDROID, WINDOWS MOBILE)",Bac+2,Casablanca,1 an,[55]
ITSUP Casablanca,Master en Génie Logiciel et Web Applications,"Génie Logiciel & Développement, DevOps & Cloud, Data Science & IA","Java Framework et services Web, Applications mobiles et intelligentes, Gestion des serveurs d'applications et des bases de données, Management de projets informatiques, Intégration des langages Python et JavaScript, Maîtrise des langues et compétences en communication, Conception architecturale et sécurisation des applications, Supervision des systèmes d'information, Manipulation de Big Data, Mise en œuvre d'ERP, Exploration de l'Internet des objets (IoT), Maîtrise des langages de programmation web, Compréhension approfondie de la conception logicielle, Utilisation d'outils et de frameworks modernes, Méthodologies de développement agile, Gestion de projet et leadership, Sécurité des applications web",Bac+3 (ou Bac+2 avec 2 ans d'expérience professionnelle),Casablanca,2 ans,[56]
ITSUP Casablanca,Master Big Data et Intelligence Artificielle,"Data Science & IA, Génie Logiciel & Développement, DevOps & Cloud","Java Framework et services Web, Applications mobiles et intelligentes, Gestion des serveurs d'applications et des bases de données, Management de projets informatiques, Python et JavaScript, Conception architecturale et sécurisation des applications, Supervision des SI, Manipulation de Big Data, IoT, Programmation (Algorithmique Python, R, Bases de Données SQL), Analytique (Probabilités, visualisation des données, analyse prédictive), Composantes et structures de l'Entreprise Digitale, Tableaux de Bords de l'Entreprise digitale, Activités et outils de la chaîne de la Business Intelligence (Extraire, Transformer et visualiser les données), Concepts et Pratique des Systèmes Big Data (NoSQL, Hadoop), Pratique et Plateformes de l'Intelligence Artificielle et de l'Apprentissage Automatique (Azure ML Microsoft, Watson ML IBM, Scikit-learn, Google Analytics), Machine Learning, Deep Learning, Traitement et stockage avancé des données, Informatique décisionnelle, Analyse et fouille de données, Bases de données NoSQL",Bac+3 (ou Bac+2 avec 2 ans d'expérience professionnelle),Casablanca,2 ans,[57]
ITSUP Casablanca,Master Management des Systèmes d'Information,"Gestion de projet, Cybersécurité, Génie Logiciel & Développement, Data Science & IA, DevOps & Cloud","Gestion des bases de données, Sécurité informatique, Développement de logiciels, Gestion de projets informatiques, Alignement des stratégies informatiques avec les objectifs commerciaux, Gouvernance des systèmes d'information, Transformation digitale, Leadership en Technologie de l'Information, Analyse et Optimisation des Processus Métier, Stratégie et Innovation Technologique",Bac+3 (ou Bac+2 avec 2 ans d'expérience professionnelle),Casablanca,2 ans,[58]
Fès,,,,,,,
Université Privée de Fès,Ingénieur d'État en Génie Informatique,"Génie Logiciel & Développement, Réseaux & Administration Systèmes, Data Science & IA, Cybersécurité, DevOps & Cloud","Génie logiciel, Réseaux, Système, Architecture, Systèmes d'information, Aide à la décision, Algèbre relationnel et langage SQL, Structures de données, Architectures des ordinateurs, Technologie Web (XML/ Frameworks de JavaScript), Programmation mathématiques (Matlab, Maple outils), Langage de programmation C++, Système d'exploitation (I, II), Système d'information (Merise), Réseaux informatiques de base (I, II), Informatique Industrielle / Automatisme industrielle et API, Qualité Logiciel, Modélisation UML, Sciences des données, Programmation Orienté Objet (Java, Java avancé, C#), Intelligence artificielle (1, 2), Technologie Web (PHP & MYSQL), SQL Server (Transat SQL), Technologie Oracle, Théorie des langages et compilation, Génie logiciel et Design patterns, Programmation système et réseau / Python avancé, Cryptographie / Sécurité Informatique, JEE, Développement d'applications mobiles (1, 2), Machine Learning, Technologie.NET (ASP.NET et ADD Développement), Frameworks web avancés, Architecteur distribuée (EJB)/ Service Oriented Architecture (SOA), Traitement d'Images et Deep Learning, Datamining et informatique décisionnelle (Datawarehouse), Big data et web sémantique, Virtualisation & interopérabilité, Administration base de données - Oracle, Model Driven Architecture (MDA), ERP et stratégie d'entreprise, Business Intelligence, Management de la sécurité des systèmes d'information","Baccalauréat Scientifique (1ère année), Bac+1 scientifique (2ème année), Bac+2 scientifique (3ème année), Bac+3 scientifique à dominante informatique (4ème année)",Fès,Non spécifié,[59]
Université Privée de Fès,Master en Intelligence Artificielle et Data Science,Data Science & IA,Non spécifié,Non spécifié,Fès,Non spécifié,[59]
Euromed Polytechnic School (Université Euromed de Fès),Ingénieur d'État en Full Stack Engineering and Multimedia,"Génie Logiciel & Développement, Data Science & IA, Cybersécurité, DevOps & Cloud","Langage et communication, Gestion de projet, Réseaux informatiques, Technologies Web, Ingénierie des bases de données, Algorithmes Python avancés, Sécurité Full Stack, Conception d'expérience utilisateur et d'interface, Ingénierie logicielle, Gestion de bases de données, Frameworks PHP, Optimisation combinatoire et approches de solution, Infographie, Développement Front-end avancé, Plateforme Node.js, Cloud Computing, Git et GitHub, Environnement Java EE, Réalité virtuelle, Développement Back-end avancé, Administration Oracle, Technologies Blockchain, Développement mobile iOS/Android, Intégration de la réalité virtuelle, Introduction à l'intelligence artificielle, Développement mobile avancé, Orchestration et conteneurisation de services Web, DevOps Web et mobile, Machine learning pour les développeurs web, Pipelines CI/CD, Droit du travail et gestion des ressources humaines","Bac (via cycle préparatoire intégré), DEUG, DUT, DEUST, DEUP, Licence ou équivalent",Fès,3 ans,[60]
Euromed Polytechnic School (Université Euromed de Fès),Ingénieur d'État en Analyse des méga données (Big Data Analysis),"Data Science & IA, Cybersécurité, DevOps & Cloud","Introduction à la cybersécurité, Programmation Python avancée, Conception et Modélisation des Systèmes Logiciels, Réseaux avancés, Technologies Java et Neo4j, Introduction à l'Intelligence Artificielle, Traitement d'image, Recherche opérationnel, Calcul parallèle et applications réparties, Algorithmique avancé, Interfaces hommes machines, Infographies, Ingénierie de bases de données, Statistique Inférentielle avancée, Développement des applications SAAS, Machine Learning, Système d'information d'aide à la décision et informatique décisionnelle (Business Intelligence), Virtual Reality/Augmented Reality, Statistique exploratoire avancée, Méga données (Big Data I, II), Technologies Blockchain, Analyse et Extraction de Données, Infonuagique et IoT (Cloud Computing et IoT), Deep learning, RPA et ERP, Systèmes et Applications des Graphes de Connaissances, Entreprenariat digital, Aspects légaux, éthiques, sociaux et d'anonymisation des données","Bac (via cycle préparatoire intégré), DEUG, DUT, DEUST, DEUP, Licence ou équivalent",Fès,3 ans,[61]
Euromed Polytechnic School (Université Euromed de Fès),Ingénieur d'État en Intelligence Artificielle,"Data Science & IA, Cybersécurité, Gestion de projet","Programmation Orientée Objet et Modélisation, Machine Learning supervisé et non supervisé, Bases de données SQL et NoSQL, Traitement et analyse de données en R, Bases de la cybersécurité, Gestion de projet, Algorithmes et structures de données avancés, Recherche opérationnelle, Réseaux de neurones multicouches, Traitement d'image, Réseaux de neurones convolutionnels, Réseaux de neurones récurrents, Services et protocoles réseau, Développement mobile Android, Statistiques avancées, Intelligence Artificielle pour les entreprises, Traitement du langage naturel, Systèmes multi-agents et Intelligence Artificielle distribuée, Systèmes embarqués et objets connectés, Optimisation combinatoire et métaheuristiques, Architectures Deep Learning modernes, Apprentissage par renforcement, Logique floue et théorie de l'incertitude, Vision par ordinateur, Reconnaissance optique de caractères, Cloud Computing, Entreprenariat digital, Conception d'architectures sécurisées, Identification des menaces de cybersécurité, Développement de techniques de gestion et d'opération pour des solutions sécurisées, Maîtrise des outils de sécurité IT, Organisation d'audits de sécurité (tests d'intrusion), Gestion de la sécurité et implémentation de standards et politiques de sécurité","Bac (via cycle préparatoire intégré), DEUG, DUT, DEUST, DEUP, Licence ou équivalent",Fès,3 ans,[62]
Euromed Polytechnic School (Université Euromed de Fès),Ingénieur d'État en Computer Science and Cyber Security,"Cybersécurité, Génie Logiciel & Développement, Réseaux & Administration Systèmes, Data Science & IA, DevOps & Cloud","Programmation Web sécurisée, Réseaux avancés, Algorithmique avancée, Gestion de projet, Ingénierie logicielle, Administration et sécurisation des systèmes d'exploitation, Machine Learning, Cloud Computing, Recherche opérationnelle, Applications distribuées, Introduction à la cybersécurité, Théorie de l'information, Cryptologie, Administration de bases de données, Plateforme NodeJs, Sécurité des systèmes d'exploitation de smartphones, Sécurité des réseaux, Technologie Blockchain, DevSecOps, Introduction à l'Intelligence Artificielle, Digital Forensics et Gestion d'incidents, Sécurité des bases de données NoSQL, Audit et normes de cybersécurité, Tests d'intrusion, Deep Learning et cybersécurité, Data Hiding, Sécurisation de Windows et Active Directory (AD)","Bac (via cycle préparatoire intégré), DEUG, DUT, DEUST, DEUP, Licence ou équivalent",Fès,3 ans,[63]
École d'Ingénierie Digitale et d'Intelligence Artificielle (UEMF),Ingénierie Digitale et Intelligence Appliquée (IDIA) - Option: Ingénierie Data Science et Intelligence Artificielle (IDSIA),"Data Science & IA, Génie Logiciel & Développement, DevOps & Cloud","Système d'exploitation Linux, Développement MERN Stack du Web, Programmation Orientée Objet Java, UML et Base de données Oracle, Anglais des affaires et gouvernance de l'entreprise, Réseaux informatique avancé, Fondements et Pratiques de l'Intelligence Artificielle, Développement Mobile (Android), Gestion de projets et Méthodes Agile / SCRUM, Intelligence Artificielle et Traitement du langage naturel, Technologies du Big Data & Cloud Computing, Intelligence Artificielle et Computer Vision, Business Intelligence (BI), Management digital de l'entreprise",Non spécifié,Fès,Non spécifié,[64]
École d'Ingénierie Digitale et d'Intelligence Artificielle (UEMF),"Ingénierie Digitale et Intelligence Appliquée (IDIA) - Option: Ingénierie Smart Systèmes, Réseaux et Gestion de Projets (I2SRGP)","Réseaux & Administration Systèmes, Cybersécurité, Gestion de projet, DevOps & Cloud","Système d'exploitation Linux, Développement MERN Stack du Web, Programmation Orientée Objet Java, UML et Base de données Oracle, Anglais des affaires et gouvernance de l'entreprise, Réseaux informatique avancé, Fondements et Pratiques de l'Intelligence Artificielle, Développement Mobile (Android), Gestion de projets et Méthodes Agile / SCRUM, Administration et Sécurité des systèmes et réseaux, Ingénierie des fibres optiques, IOT et Réseaux Radio Mobile (5g/6g), Architecture embarquée Automobile, Management digital de l'entreprise",Non spécifié,Fès,Non spécifié,[64]
ESISA Fès,Licence en Ingénierie Logicielle (IL),Génie Logiciel & Développement,Non spécifié,Non spécifié,Fès,Non spécifié,[65]
ESISA Fès,Master en Ingénierie des Systèmes d'Information & Intelligence Artificielle (IS2IA),"Data Science & IA, Non spécifié (Systèmes d'Information)",Non spécifié,Non spécifié,Fès,Non spécifié,[65]
ESISA Fès,Master en Ingénierie des Systèmes d'Information & Transformation Numérique (ISITN),"Non spécifié (Systèmes d'Information), Non spécifié (Transformation Numérique)","Nouvelles technologies de l'information et de communication, Architecture des systèmes d'informations, SAP, Contrôle Qualité logiciel, Audit informatique",Bac+3,Fès,Non spécifié,[66]
Competence Center,Enseignement professionnel: informatique,Non spécifié (Informatique),Non spécifié,Non spécifié,Fès,Non spécifié,[67]
Ecole Khaouarizmi De Technologie Privée (Ektec),Diplôme en informatique,Non spécifié (Informatique),Non spécifié,Non spécifié,Fès,Non spécifié,[68]
Ecole Logarithme Spécialisée En Informatique De Gestion (Elosig Fès),Diplôme De technicien en Gestion Informatisée,Non spécifié (Informatique de Gestion),Non spécifié,Non spécifié,Fès,Non spécifié,[69]
Ecole Mixte Des Technologies De L'informatique Et De Communication (E.m.t.i.c.),Enseignement professionnel: informatique,Non spécifié (Informatique),Non spécifié,Non spécifié,Fès,Non spécifié,[70]
Ecole Psi,Enseignement professionnel: informatique (Classes prépa PSI),Non spécifié (Informatique),"Cours théoriques, Travaux pratiques (TP), Travaux dirigés (TD), Travaux d'Initiative Personnelle Encadrés (TIPE), Encadrement oral",Non spécifié,Fès,Non spécifié,[71]
Ecole Rationnelle D'informatique Management Et Marketing (E.r.i.m),Diplôme TS en Développement Informatique,Génie Logiciel & Développement,Non spécifié,Non spécifié,Fès,Non spécifié,[72]
Ecole Rationnelle D'informatique Management Et Marketing (E.r.i.m),Diplôme Technicien en Gestion Informatisée,Non spécifié (Informatique de Gestion),Non spécifié,Non spécifié,Fès,Non spécifié,[72]
Ecole Rationnelle D'informatique Management Et Marketing (E.r.i.m),Diplôme Opérateur de Saisie,Non spécifié (Bureautique),Non spécifié,Non spécifié,Fès,Non spécifié,[72]
Ecole Rationnelle D'informatique Management Et Marketing (E.r.i.m),"Développement Web (HTML5, CSS3, BOOTSTRAP, JS, MYSQL, PHP, WordPress, Laravel, Django)",Génie Logiciel & Développement,"HTML5, CSS3, BOOTSTRAP, JS, MYSQL, PHP, WordPress, Laravel, Django",Non spécifié,Fès,Non spécifié,[72]
Ecole Rationnelle D'informatique Management Et Marketing (E.r.i.m),"Application Logiciel (C#, Java)",Génie Logiciel & Développement,"C#, Java",Non spécifié,Fès,Non spécifié,[72]
Ecole Rationnelle D'informatique Management Et Marketing (E.r.i.m),Base de donnée,Non spécifié (Bases de Données),Non spécifié,Non spécifié,Fès,Non spécifié,[72]
Ecole Rationnelle D'informatique Management Et Marketing (E.r.i.m),Marketing digital,Non spécifié (Marketing Digital),Non spécifié,Non spécifié,Fès,Non spécifié,[72]
Ecole Rationnelle D'informatique Management Et Marketing (E.r.i.m),"Logiciel Bureautique (WORD, EXCEL, POWERPOINT)",Non spécifié (Bureautique),"WORD, EXCEL, POWERPOINT",Non spécifié,Fès,Non spécifié,[72]
Emtige,Maintenance des ordinateurs,Non spécifié (Maintenance Informatique),Non spécifié,Non spécifié,Fès,2 ans,[73]
Emtige,Informatique de Gestion,Non spécifié (Informatique de Gestion),Non spécifié,Non spécifié,Fès,2 ans,[73]
Groupe Univers Students,Enseignement professionnel: informatique,Non spécifié (Informatique),Non spécifié,Non spécifié,Fès,Non spécifié,[74]
Heitc Groupe,"Informatique (Bureautique, Programmation)",Non spécifié (Informatique),"Bureautique (Excel, Word, PowerPoint, Windows), Programmation",Non spécifié,Fès,Non spécifié,[75]
Heitc Groupe,Diplômation en licence professionnelle et master,Non spécifié (Informatique),Non spécifié,Non spécifié,Fès,Non spécifié,[75]
Info House Maroc,Réseaux informatiques,Réseaux & Administration Systèmes,Non spécifié,Non spécifié,Fès,2 ans,[76]
It-startup Fès,"Sécurité, audit et gouvernance des systèmes d'information","Cybersécurité, Gestion de projet","Référentiels internationaux (COBIT, ITIL, PMP, ISO27000), Alignement des SI à la stratégie d'entreprise",Non spécifié,Fès,Non spécifié,[77]
It-startup Fès,Développement web et application logicielle,Génie Logiciel & Développement,Non spécifié,Non spécifié,Fès,Non spécifié,[78]
Standard Pc,Formation en C (Programmation en C),Génie Logiciel & Développement,"Maîtrise de la chaîne de production d'un programme C, Opérateurs, expressions et structures de contrôle du langage C, Manipulation de structures de données, tableaux, pointeurs et chaînes de caractères, Organisation du code avec fonctions, Exploitation des bibliothèques standard du langage C",Non spécifié,Fès,5 mois (continue) ou 2 mois (accélérée),[79]
OFPPT ISTA ADARISSA Fès,"Informatique Bureautique (Word, Excel, PowerPoint)",Non spécifié (Bureautique),"Utilisation de l'outil informatique bureautique, Création et conception de documents, Environnement Windows, Traitement de texte, Tableurs, Calculs et fonctions, Rapports, illustrations",Non spécifié,Fès,Non spécifié,[80]
OFPPT ISTA ADARISSA Fès,Technicien Spécialisé en Développement Informatique,Génie Logiciel & Développement,Non spécifié,Baccalauréat ou Niveau Baccalauréat,Fès,Non spécifié,[81]
OFPPT ISTA ADARISSA Fès,Technicien Spécialisé en Réseaux Informatiques,Réseaux & Administration Systèmes,Non spécifié,Baccalauréat ou Niveau Baccalauréat,Fès,Non spécifié,[81]
Tanger,,,,,,,
SUPTEM Tanger (Faculté des Sciences et Techniques de Tanger),Génie Informatique,"Génie Logiciel & Développement, Réseaux & Administration Systèmes, Data Science & IA","Analyse, Algèbre, Circuits électriques et électroniques, Algorithmique et Programmation, Langues Étrangères, Power Skills, Statistiques et Probabilités, Microcontrôleur et Capteurs, Architecture des Ordinateurs, Analyse Numérique et Python, Recherche Opérationnelle, Systèmes d'information et bases de données, Développement Web, Structures de Données",Non spécifié,Tanger,Non spécifié,[82]
ENSA Tanger,Génie des Systèmes de Télécommunications et Réseaux,Réseaux & Administration Systèmes,Non spécifié,Non spécifié,Tanger,Non spécifié,[83]
ENSA Tanger,"Génie Informatique (Génie logiciel, Systèmes d'Information)","Génie Logiciel & Développement, Non spécifié (Systèmes d'Information)",Non spécifié,Non spécifié,Tanger,Non spécifié,[83]
EMSI Tanger,Ingénierie Informatique et Réseaux (Option MIAGE),"Génie Logiciel & Développement, Gestion de projet, Data Science & IA, Réseaux & Administration Systèmes, DevOps & Cloud","C++, PHP, Python, Framework-PHP, Java, JEE, C#, XML, WebSphere, Dot NET CORE, IONIC, Framework-Angular, SQL, PL/SQL, NoSQL, DBA Oracle, MS SQL SERVER, DB2, UML, Méthodes Agile, Qualité Logiciel, Ateliers de Génie Logiciel, Architecture et Conception, Data Warehouse, Outils de Business Intelligence, Data Mining, Systèmes (Unix, Administration UNIX, Administration Windows, Cloud Computing, Virtualisation), Réseaux (Informatique, TCP/IP, Locaux et Interconnexion, Sécurité), IoT, ERP, Analyse de Données, Programmation Linéaire, Analyse Numérique, Recherche Opérationnelle, Soft Skills, Communication, Management, Économie Industrielle, Gestion des Entreprises, Droit, Marketing, Comptabilité, Gestion de Projet, BIGDATA Ecosystem, DevOps, Intelligence Artificielle, MongoDB, Database Tuning",Non spécifié,Tanger,Non spécifié,[30]
EMSI Tanger,Ingénierie Informatique et Réseaux (Option Systèmes & Réseaux),"Réseaux & Administration Systèmes, Cybersécurité, Data Science & IA, DevOps & Cloud","C++, PHP, Python, Framework-PHP, Java, JEE, C#, XML, WebSphere, Dot NET CORE, IONIC, Framework-Angular, SQL, PL/SQL, NoSQL, DBA Oracle, MS SQL SERVER, DB2, UML, Méthodes Agile, Qualité Logiciel, Ateliers de Génie Logiciel, Architecture et Conception, Data Warehouse, Outils de Business Intelligence, Data Mining, Systèmes (Unix, Administration UNIX, Administration Windows, Cloud Computing, Virtualisation), Réseaux (Informatique, TCP/IP, Locaux et Interconnexion, Sécurité), IoT, ERP, Analyse de Données, Programmation Linéaire, Analyse Numérique, Recherche Opérationnelle, Soft Skills, Communication, Management, Économie Industrielle, Gestion des Entreprises, Droit, Marketing, Comptabilité, Gestion de Projet, Cybersécurité, Sécurité des Systèmes, Administration Unix Avancée, Réseau Mobile, Application sur Plateforme Embarquée, Réseau Multimédia",Non spécifié,Tanger,Non spécifié,[30]
Cabinet de formation professionnelle à Tanger,Formations et services d'audit,Non spécifié (Audit),Non spécifié,Non spécifié,Tanger,Non spécifié,[84]
École PIGIER de Formation Professionnelle Privée TANGER,Formations Certifiantes: Informatique Bureautique,Non spécifié (Bureautique),"MICROSOFT WINDOWS, MS OFFICE WORD, MS OFFICE POWERPOINT, MS OFFICE EXCEL, MS OFFICE ACCESS, MS OFFICE PUBLISHER, Sécurité numérique, Protection des données, Maintenance du système, Personnalisation de Windows",Non spécifié,Tanger,10 mois,[85]
École PIGIER de Formation Professionnelle Privée TANGER,Technicien Spécialisé en développement Informatique,Génie Logiciel & Développement,Non spécifié,Bac+2,Tanger,Non spécifié,[86]
École PIGIER de Formation Professionnelle Privée TANGER,Technicien Spécialisé en Systèmes et Réseaux Informatiques,Réseaux & Administration Systèmes,Non spécifié,Bac+2,Tanger,Non spécifié,[86]
École PIGIER de Formation Professionnelle Privée TANGER,Technicien en Gestion Informatisée,Non spécifié (Informatique de Gestion),Non spécifié,Bac+2,Tanger,Non spécifié,[86]
École PIGIER de Formation Professionnelle Privée TANGER,Technicien en Support Technique et Maintenance Informatique et Réseaux,Réseaux & Administration Systèmes,Non spécifié,Bac+2,Tanger,Non spécifié,[86]
École PIGIER de Formation Professionnelle Privée TANGER,Qualification Opérateur de Saisie,Non spécifié (Bureautique),Non spécifié,Niveau 9ème Année,Tanger,Non spécifié,[86]
École PIGIER de Formation Professionnelle Privée TANGER,Bachelor Européen (DEES) en Informatique et Réseaux,Réseaux & Administration Systèmes,Non spécifié,Bac+3,Tanger,Non spécifié,[86]
École PIGIER de Formation Professionnelle Privée TANGER,Master Européen d'Informatique,Non spécifié (Informatique),Non spécifié,Bac+5,Tanger,Non spécifié,[86]
Tétouan,,,,,,,
Sup'ISI Tétouan,Bac+3 en Génie Informatique,"Génie Logiciel & Développement, Réseaux & Administration Systèmes, Cybersécurité, Gestion de projet","Développement d'applications informatiques, Développement web, Administration et exploitation des réseaux informatiques, Gestion du parc informatique, Sécurité informatique, Administration des systèmes des réseaux informatiques, Gestion de projet, Rédaction de documentation technique (arabe, français, anglais), Techniques de communication, Création et management de base d'une entreprise",Bac,Tétouan,Non spécifié,[87]
Sup'ISI Tétouan,Bac+5 en IT - Applications intelligentes et Big Data,Data Science & IA,Non spécifié,Bac+3,Tétouan,Non spécifié,[88]
ENSA Tétouan,Génie des Systèmes des Télécommunications et Réseaux,Réseaux & Administration Systèmes,Non spécifié,Non spécifié,Tétouan,Non spécifié,[89]
ENSA Tétouan,Génie Informatique,"Génie Logiciel & Développement, Réseaux & Administration Systèmes, Data Science & IA","Programmation C, Programmation Web, Bases de données, Réseaux, Systèmes d'exploitation, UML, Java, Intelligence Artificielle, Administration de bases de données, Modélisation et Programmation Objet, Programmation Réseaux et Sécurité Informatique, Test de logiciels et sûreté de fonctionnement, Urbanisation des Systèmes d'Information et Workflow, Langages de modélisation et vérification formelle, Technologies DotNet et JEE, Système d'Exploitation Temps Réel Embarqué, Management et Administration Réseaux, Qualité de Service et Optimisation des Réseaux, Réseaux Sans-Fil et de Capteurs",Non spécifié,Tétouan,Non spécifié,[90]
ENSA Tétouan,Ingénierie Logistique Et Transport,Non spécifié (Logistique),Non spécifié,Non spécifié,Tétouan,Non spécifié,[89]
ENSA Tétouan (Formation Continue),DCA: Génie Logiciel et Développement Web,"Génie Logiciel & Développement, Gestion de projet, Cybersécurité","Développement des Technologies Web, Administration et optimisation des bases de données, POO et IHM, Java Avancé, Soft skills, Communication et Management, WEB service /JEE, JEE Avancée, Gestion de projets informatiques, Sécurité des applications, Méthodologies Agile, Java/JEE Framework Spring (Core, MVC, Data), Bases de données relationnelles et NoSQL, Développement d'applications web et mobile modernes, Intégration de services API, Administration des systèmes d'exploitation, Automatisation des tâches via scripts, Sécurisation des réseaux et systèmes informatiques, Gestion des risques, Architectures modulaires, Architectures distribuées, Services pour applications à grande échelle, Applications multiplateformes pour terminaux mobiles, Migration d'applications, Services web dans des environnements cloud, Machine Learning, Deep Learning, Pipelines d'orchestration de données, Workflows d'analyse, Visualisation et analyse des données, Sécurité et confidentialité des données sensibles, DevOps",Bac+2 ou équivalent,Tétouan,1 an,[91]
Tamouda Center,Formations en informatique et bureautique,"Non spécifié (Informatique, Bureautique)","Word, Excel, PowerPoint, Access",Non spécifié,Tétouan,Non spécifié,[92]
Tamouda Center,Formations en programmation,Génie Logiciel & Développement,"C, HTML, CSS, Java, PHP, MySQL",Non spécifié,Tétouan,Non spécifié,[92]
Marrakech,,,,,,,
Université Privée de Marrakech (UPM),Licence Informatique,"Génie Logiciel & Développement, Réseaux & Administration Systèmes, Non spécifié (Systèmes d'Information)","Programmation, Bases de données, Réseaux, Développement d'applications, Systèmes d'information, Informatique de gestion",Baccalauréat scientifique ou technologique,Marrakech,Non spécifié,[93]
Université Privée de Marrakech (UPM),"Cycle d'Ingénierie en Informatique, Système d'Information","Génie Logiciel & Développement, Non spécifié (Systèmes d'Information)",Non spécifié,Non spécifié,Marrakech,Non spécifié,[94]
E2IM – École d'Ingénierie et d'Innovation de Marrakech (UPM),"Cycle d'Ingénierie en Informatique, Système d'Information","Génie Logiciel & Développement, Non spécifié (Systèmes d'Information)",Non spécifié,Non spécifié,Marrakech,Non spécifié,[94]
EFSMIIP Marrakech,Ingénierie Informatique et Intelligence Artificielle (Option “BIG DATA ET DATA SCIENCES“),"Data Science & IA, Génie Logiciel & Développement, Réseaux & Administration Systèmes, Cybersécurité","Algorithme et programmation en langage C, Systèmes et réseaux, Conception des systèmes d'information (Merise), Programmation Python, Conception orientée objet des SI (UML), SQL et algèbre relationnel, Systèmes de gestion des Bases de données (SGBD), Programmation orientée objet en C++, Administration des réseaux, Technologies WEB (Front End, Back End), Bases de données structurées, Interconnexion des réseaux, Sécurité des systèmes, Administration des bases de données, Systèmes distribués et base de données réparties, Système et développement mobile, Gestion de projets et génie logiciel, Programmation réseaux, Base de données avancées et NoSQL, Intelligence artificielle (Machine Learning), Deep learning, Recherche opérationnelle, Programmation orientée objet python, Programmation non linéaire et modélisation, UML et design patterns, ETL et Outils de reporting, Entrepôt et magasin de données, Programmation et science des données, Business intelligence et data visualisation, Analyse matricielle, Big Data / Data Engineering, Outils pour Big Data, Programmation de logiciels (C++, Java, Python), Tests logiciels, Maintenance et mise à jour des logiciels et systèmes, Sélection et intégration de nouveaux matériels et logiciels, Élaboration de systèmes de protection des données et des réseaux, Analyse et résolution des incidents de sécurité",Baccalauréat scientifique,Marrakech,Non spécifié,[95]
EFSMIIP Marrakech,Ingénierie Informatique et Intelligence Artificielle (Option “Cloud Computing et Business Intelligence“),"DevOps & Cloud, Data Science & IA, Génie Logiciel & Développement, Réseaux & Administration Systèmes, Cybersécurité","Algorithme et programmation en langage C, Systèmes et réseaux, Conception des systèmes d'information (Merise), Programmation Python, Conception orientée objet des SI (UML), SQL et algèbre relationnel, Systèmes de gestion des Bases de données (SGBD), Programmation orientée objet en C++, Administration des réseaux, Technologies WEB (Front End, Back End), Bases de données structurées, Interconnexion des réseaux, Sécurité des systèmes, Administration des bases de données, Systèmes distribués et base de données réparties, Système et développement mobile, Gestion de projets et génie logiciel, Programmation réseaux, Base de données avancées et NoSQL, Intelligence artificielle (Machine Learning), Deep learning, Recherche opérationnelle, Programmation orientée objet python, Programmation non linéaire et modélisation, UML et design patterns, ETL et Outils de reporting, Entrepôt et magasin de données, Analyse des données et Datamining, Textmining et Webmining, Analyse des réseaux sociaux et techniques de prévision, Software Engineering, agile et Dataops, Gouvernance des SI",Baccalauréat scientifique,Marrakech,Non spécifié,[95]
ISGA Marrakech,"Ingénierie des Réseaux, Systèmes et Sécurité","Cybersécurité, Réseaux & Administration Systèmes, DevOps & Cloud","Conception d'architectures interconnectées complexes, Maîtrise des systèmes d'information, Cloud et infrastructures sécurisées, Enjeux techniques, organisationnels et juridiques de la sécurité des SI et e-services, Déploiement d'architectures réseau et sécurité, Fondations en réseaux de communication et systèmes d'exploitation, Cryptographie, Conception et implémentation d'infrastructures de communication sécurisées, Administration, fiabilité et sécurité des réseaux de nouvelle génération, Audit en risque informatique, Gestion de projet (PMP, PRINCE2)",Bac (via cycle préparatoire) ou Bac+2/3 (admission parallèle),Marrakech,Non spécifié,[27]
ISGA Marrakech,Ingénierie du Développement Web et Mobile,Génie Logiciel & Développement,"Spécification, conception, réalisation des architectures logicielles et technologies du Web et Mobile, Développement d'applications web et mobile",Bac (via cycle préparatoire) ou Bac+2/3 (admission parallèle),Marrakech,Non spécifié,[27]
ISGA Marrakech,Intelligence Artificielle et Big Data,"Data Science & IA, DevOps & Cloud","Fondamentaux de l'IA, Science des données, Traitement de données massives, Conception et intégration de nouveaux modèles de stockage (Big Data), Aspects éthiques et business de l'IA, Administration de base de données, Business Intelligence, Cloud, Développement Big Data",Bac (via cycle préparatoire) ou Bac+2/3 (admission parallèle),Marrakech,Non spécifié,[27]
ISGA Marrakech,Systèmes de Production Intelligents et Contrôle Qualité,Non spécifié (Industriel),"Techniques de contrôle et de commande pour systèmes industriels, Adaptabilité à l'évolution technologique, Compétences transversales (conception à contrôle qualité), Qualités humaines et managériales (gestion d'équipe et de projet)",Bac (via cycle préparatoire) ou Bac+2/3 (admission parallèle),Marrakech,Non spécifié,[27]
EMSI Marrakech,Ingénierie Informatique et Réseaux (Option MIAGE),"Génie Logiciel & Développement, Gestion de projet, Data Science & IA, Réseaux & Administration Systèmes, DevOps & Cloud","C++, PHP, Python, Framework-PHP, Java, JEE, C#, XML, WebSphere, Dot NET CORE, IONIC, Framework-Angular, SQL, PL/SQL, NoSQL, DBA Oracle, MS SQL SERVER, DB2, UML, Méthodes Agile, Qualité Logiciel, Ateliers de Génie Logiciel, Architecture et Conception, Data Warehouse, Outils de Business Intelligence, Data Mining, Systèmes (Unix, Administration UNIX, Administration Windows, Cloud Computing, Virtualisation), Réseaux (Informatique, TCP/IP, Locaux et Interconnexion, Sécurité), IoT, ERP, Analyse de Données, Programmation Linéaire, Analyse Numérique, Recherche Opérationnelle, Soft Skills, Communication, Management, Économie Industrielle, Gestion des Entreprises, Droit, Marketing, Comptabilité, Gestion de Projet, BIGDATA Ecosystem, DevOps, Intelligence Artificielle, MongoDB, Database Tuning",Non spécifié,Marrakech,Non spécifié,[30]
EMSI Marrakech,Ingénierie Informatique et Réseaux (Option Systèmes & Réseaux),"Réseaux & Administration Systèmes, Cybersécurité, Data Science & IA, DevOps & Cloud","C++, PHP, Python, Framework-PHP, Java, JEE, C#, XML, WebSphere, Dot NET CORE, IONIC, Framework-Angular, SQL, PL/SQL, NoSQL, DBA Oracle, MS SQL SERVER, DB2, UML, Méthodes Agile, Qualité Logiciel, Ateliers de Génie Logiciel, Architecture et Conception, Data Warehouse, Outils de Business Intelligence, Data Mining, Systèmes (Unix, Administration UNIX, Administration Windows, Cloud Computing, Virtualisation), Réseaux (Informatique, TCP/IP, Locaux et Interconnexion, Sécurité), IoT, ERP, Analyse de Données, Programmation Linéaire, Analyse Numérique, Recherche Opérationnelle, Soft Skills, Communication, Management, Économie Industrielle, Gestion des Entreprises, Droit, Marketing, Comptabilité, Gestion de Projet, Cybersécurité, Sécurité des Systèmes, Administration Unix Avancée, Réseau Mobile, Application sur Plateforme Embarquée, Réseau Multimédia",Non spécifié,Marrakech,Non spécifié,[30]
EMSI Marrakech,Automatismes et Informatique Industrielle,"Non spécifié (Automatisme, Informatique Industrielle)","Automatisme, Informatique industrielle, Électronique analogique et numérique, Automates programmables, Supervision, Bases de données, Programmation",Non spécifié,Marrakech,Non spécifié,[96]
ENSA Marrakech,Génie Informatique,"Génie Logiciel & Développement, Réseaux & Administration Systèmes, Data Science & IA, Cybersécurité, DevOps & Cloud","Statistique Inférentielle, Complexité et Structures de Données, Réseaux Informatique, Électronique Numérique, Systèmes d'Information et Bases de Données, Technologies Web, Modélisation et Simulation des Systèmes, Optimisation des Systèmes, Technologies de Communication, Programmation Objet, Advanced Python, Systèmes d'Exploitation, MultiMedia et Traitement d'Image, Ingénierie des Bases de Données, Programmation Java, Introduction à l'Intelligence Artificielle, Fondamentaux des Big Data, Intelligence Artificielle Avancée, Gouvernance et Gestion des Données, Analyse et Visualisation des Données, Cybersécurité, Développement Full Stack, Développement Mobile, UX/UI Design, Administration et Programmation Système, Datawarehouse et Datamining, Big Data Avancées, Vision par Ordinateur et Deep Learning, Intelligence d'Affaires pour Big Data, Cloud et Virtualisation, Sécurité des Données, Génie Logiciel et Architecture logiciel, Développement JEE, Patrons de Conception et Tests Logiciels, Gestion des Processus Métiers et CRM, DevOps",Non spécifié,Marrakech,Non spécifié,[30]; [97]
ENSA Marrakech,Systèmes Electroniques Embarqués et Commande des Systèmes (SEECS),Non spécifié (Électronique Embarquée),"Electronique Embarquée, Commande des Systèmes, Traitement de Signal, Informatique Industrielle, IoT, Développement Mobile",Non spécifié,Marrakech,Non spécifié,[98]
ENSA Marrakech,"Réseaux, Systèmes & Services Programmables (RSSP)","Réseaux & Administration Systèmes, Cybersécurité, DevOps & Cloud","Réseaux, Systèmes, Sécurité, Cloud Computing, Virtualisation, IoT, Programmation (Python, Java), Administration Linux/Windows",Non spécifié,Marrakech,Non spécifié,[99]
Ecole SAGIM,Technicien Spécialisé en développement informatique,Génie Logiciel & Développement,Non spécifié,Bac+2,Marrakech,Non spécifié,[100]
Ecole SAGIM,Technicien Spécialisé en Réseaux Informatiques,Réseaux & Administration Systèmes,Non spécifié,Bac+2,Marrakech,Non spécifié,[100]
Ecole SAGIM,Licence professionnelle en Informatique et réseaux,"Génie Logiciel & Développement, Réseaux & Administration Systèmes",Non spécifié,Bac+3,Marrakech,Non spécifié,[100]
Ecole SAGIM,Master en informatique,Non spécifié (Informatique),Non spécifié,Bac+5,Marrakech,Non spécifié,[100]
ECOSTIG,"Diplômes Accrédités (Technicien Spécialisé en Gestion d'Entreprise, Technicien en gestion informatisée)","Non spécifié (Gestion, Informatique de Gestion)",Non spécifié,Non spécifié,Marrakech,Non spécifié,[101]
ECOSTIG,"Licences & Masters européens (Licence professionnelle de la FEDE, Master Professionnel de la FEDE)","Non spécifié (Informatique, Management)",Non spécifié,Non spécifié,Marrakech,Non spécifié,[101]
ECOSTIG,Formations continues,"Non spécifié (Informatique, Gestion)",Non spécifié,Non spécifié,Marrakech,Non spécifié,[101]